name	surname	birthday	address	city	telephone
str	str	date	str	str	int
Jeri	Barba	26/6/1986	154 Rodrigo Shumate Avenue	Dingolfing	3147697455
Kiana	Benda	17/2/1977	63 Hyon Sundberg Crescent	Hendrina	3244022427
Christiane	Huntington	17/6/1986	121 Bibi Boykins Street	Helchteren	3742102807
Marlyn	Schreck	21/1/1977	173 Bibi Bollinger Street	Fălticeni	3456661878
Charissa	Mercurio	21/2/2002	17 Julietta Barba Avenue	Zelenchukskaya	3411069277
Tamera	Schreck	16/1/1995	71 Ellan Roper Boulevard	Muscat	3892768913
Jeana	Dillard	26/6/1973	65 Tiny Shumate Street	Failsworth	3725129318
Coreen	Attaway	22/9/1953	75 Rosendo Mercurio Avenue	Sagaing	3244022427
Jerold	Nettles	21/9/1953	40 Lelia Demps Road	Mostar	3988757183
Pasty	Nicks	20/6/1989	143 Rosendo Halford Road	Koidu	3296593109
Aurora	Brinton	13/5/1987	15 Shalon Reimer Road	Biryulëvo	3219976885
Cleora	Attaway	27/5/2002	168 Sherlene Nettles Boulevard	Baildon	3304056681
Bulah	Wooldridge	17/4/1995	162 Gus Hiller Course	Milak	3676139401
Oralee	Cowley	27/6/2004	148 Ellan Halford Course	Vāda	3300801319
Celestina	Nettles	17/9/1996	28 Hilaria Townley Course	Spokane	3635399250
Greta	Haun	21/2/1953	134 Coreen Hershberger Course	Delta	3892768913
Jaime	Fraley	20/2/1973	1 Gus Sundberg Crescent	Buseresere	3791181953
Lean	Hargrave	26/5/1961	131 Fredericka Florio Boulevard	Kitaibaraki	3108380758
Jerold	Welton	11/6/2005	33 Ellan Huizar Road	Leganés	3993049684
Tamera	Haun	22/5/1977	134 Cleora Sundberg Course	Leganés	3864348790
Rueben	Blakely	8/4/1994	60 Lucia Sheffield Place	Weingarten	3304056681
Jeri	Fellers	27/1/2005	5 Marlyn Stroup Boulevard	Binhe	3493937973
Bulah	Halford	13/4/2002	184 Fredericka Roper Boulevard	Tampere	3559000140
Miquel	Hershberger	20/1/1987	110 Christiane Albanese Street	Pīshvā	3676197377
Miquel	Kingsbury	27/4/1961	78 Pasty Dahl Avenue	Spokane	3999716352
Shoshana	Eames	8/1/2002	74 Cleora Buckles Crescent	Esenyurt	3371330007
Barabara	Eames	8/2/1996	112 Aurora Bollinger Course	Dortmund	3444637209
Kassandra	Benda	20/6/2002	108 Myron Kratzer Course	Heishan	3307635013
Celestina	Boykins	20/2/1994	39 Teddy Bucci Avenue	Chinautla	3496435179
Robbyn	Bolinger	27/2/1996	154 Kacie Vasques Place	Milak	3219119269
Kiley	Laclair	17/4/2002	126 Deirdre Townley Place	Krasnogvargeisky	3298068219
Enoch	Laclair	11/6/1990	93 Tamesha Albanese Course	Bocaiúva	3939560914
Nicolas	Flinn	20/6/1978	181 Robbyn Halter Avenue	Covington	3766367825
Cory	Ledoux	20/5/1986	68 Coreen Langford Avenue	Chinautla	3628348047
Masako	Delatorre	8/2/1953	73 Teddy Vasques Course	Mediaş	3159318042
Deirdre	Bowens	27/2/1969	99 Kirstie Kratzer Street	Weingarten	3100849231
Hyon	Riker	21/6/1955	102 Lashunda Kingsbury Road	Cormano	3154853388
Hyon	Schreck	27/6/1996	180 Coreen Satterlee Avenue	Milak	3189937287
Libby	Metoyer	22/1/1969	165 Fredericka Huntington Road	Atakpamé	3056373997
Miquel	Eames	13/4/1961	122 Mathew Gayden Road	Tampere	3930573005
Lucia	Nussbaum	8/9/1969	153 Teddy Poteet Crescent	Dolyna	3981182423
Myron	Stevens	8/6/1962	118 Jeri Riker Avenue	Kulunda	3424764888
Lucia	Kingsbury	11/6/1978	23 Cleora Villagomez Road	Failsworth	3778946718
Annamaria	Jaquez	16/1/1986	157 Lucia Mabrey Boulevard	Valdivia	3554214623
Kirstie	Attaway	22/1/1955	175 Tyron Livingston Road	Esenyurt	3457451770
Lloyd	Martindale	21/1/1955	90 Holley Holter Boulevard	Helchteren	3424764888
Lean	Halford	21/9/1962	22 Ellan Shumate Street	Heishan	3366131601
Libby	Demps	17/4/1977	86 Kiley Dillard Road	Enger	3261787556
Kirstie	Lupo	13/4/1955	108 Bulah Hoelscher Street	Delta	3854787566
Kassandra	Kratzer	11/1/2002	1 Alisa Lyles Crescent	Benicia	3224164767
Alison	Lemmons	17/5/2004	189 Hilaria Blakely Avenue	Chemini	3439264301
Jeri	Nettles	26/9/2004	187 Cory Rager Avenue	Buseresere	3042287376
Marna	Cornwell	17/4/2002	160 Coreen Vinson Crescent	Dolyna	3635399250
Melodi	Josey	21/1/1973	46 Libby Townley Crescent	Buseresere	3930502258
Nicolas	Stroup	8/2/1994	4 Fredericka Scarborough Street	Hendrina	3702585051
Zana	Metoyer	22/5/2002	160 Deirdre Satterlee Place	Pátzcuaro	3791181953
Lonnie	Langford	16/1/1953	138 Lean Townley Crescent	Malmesbury	3184493543
Linn	Attaway	27/1/1999	24 Ressie Livingston Crescent	Bangolo	3244022427
Krystle	Vinson	20/5/1969	74 Teddy Fellers Crescent	Ikongo	3010021408
Erich	Cowley	22/5/2002	155 Melodi Demps Avenue	Dingolfing	3141969987
Jeana	Nicks	8/2/1995	163 Kiley Mercurio Boulevard	Renukūt	3256340101
Libby	Bowens	22/6/1973	121 Coreen Scarborough Avenue	Pīshvā	3981182423
Deirdre	Gayden	22/4/1955	188 Marlyn Heil Place	Valdivia	3013854019
Kirstie	Sheffield	26/6/1995	116 Kiana Stevens Boulevard	Sagaing	3448068216
Enoch	Martindale	11/1/1969	182 Charissa Eames Place	Dolyna	3195091939
Natividad	Weese	8/2/1962	112 Cherish Krause Avenue	Zelenchukskaya	3975477343
Cherish	Michalak	27/2/1990	46 Celestina Bowens Place	Milak	3056373997
Hilaria	Josey	16/1/1969	62 Chanda Tipton Street	Harihar	3853583296
Magdalen	Bolinger	26/9/1989	74 Eula Florio Boulevard	Hendrina	3856441810
Lonnie	Demps	26/5/1955	198 Lelia Dumont Road	Konin	3509868038
Jeana	Roper	21/4/1973	22 Jeri Lechner Street	Irecê	3759826189
Fredericka	Delatorre	11/5/1987	17 Iluminada Nickels Boulevard	Krasnogvargeisky	3493937973
Kiana	Halter	13/9/2005	12 Holley Drucker Crescent	Benicia	3206652753
Masako	Satterlee	27/1/1990	115 Sherrie Boykins Course	Leganés	3147697455
Sherrie	Bucci	26/1/1961	19 Jesenia Josey Road	Heyuan	3056373997
Katharine	Barba	17/6/1973	69 Miquel Creekmore Avenue	Schwerte	3639962794
Karri	Welton	21/2/1987	161 Jesenia Scarborough Boulevard	Chinautla	3523656965
Chanda	Haun	26/2/1989	94 Tamesha Shumate Course	Valdivia	3496435179
Georgetta	Rager	17/4/1994	82 Rueben Stevens Place	Visoko	3981182423
Teddy	Vallee	27/4/1977	162 Shoshana Eley Avenue	Abaza	3493937973
Cleora	Creekmore	22/9/1955	158 Bibi Stevens Avenue	Saransk	3154853388
Elana	Florio	26/1/1999	38 Lavera Woodrum Crescent	Dortmund	3411308263
Cleora	Eames	26/9/2004	103 Bulah Benda Avenue	Mostar	3701490979
Libby	Fasano	27/5/1978	98 Denae Villagomez Place	Spokane	3694910612
Sherrie	Bowens	17/9/1955	23 Lelia Buckles Place	Springboro	3612036477
Enoch	Townley	26/4/1989	174 Julietta Hiller Boulevard	Slavgorod	3493192018
Jeniffer	Lemmons	26/4/1990	130 Miquel Woodrum Boulevard	Arkalgūd	3654635104
Marlyn	Sisneros	17/2/1995	35 Masako Laclair Place	Kulunda	3496435179
Kassandra	Hiller	11/9/1977	150 Pasty Vinson Boulevard	Dieburg	3897567471
Eden	Lechner	13/4/1987	142 Cassidy Sisneros Crescent	Rāipur	3892768913
Mittie	Creekmore	21/5/1994	5 Rodrigo Welter Boulevard	Renukūt	3968647616
Kiana	Sundberg	16/4/1977	45 Fredericka Baillargeon Place	Heyuan	3864348790
Myron	Dahl	21/6/1969	84 Cherish Huntington Road	Bougara	3592208911
Katharine	Helfrich	8/9/1950	55 Zana Gayden Boulevard	Palau	3854787566
Suzie	Dumont	16/9/1955	94 Kiana Huizar Crescent	Schwerte	3903007471
Kerry	Gayden	20/9/1953	113 Lean Tipton Crescent	Chemini	3456661878
Jesenia	Flinn	8/1/1999	34 Muoi Kingsbury Street	Leganés	3478165937
Aurora	Roper	17/9/1977	40 Tambra Fraley Crescent	Koidu	3509868038
Teddy	Martindale	13/1/1987	31 Quentin Welton Avenue	Merefa	3302549026
Kassandra	Sundberg	27/9/1955	50 Greta Lemmons Boulevard	Bocaiúva	3897567471
Chanda	Nussbaum	8/2/1996	46 Jesenia Lemmons Boulevard	Pīshvā	3361535584
Cleora	Wooldridge	16/2/1962	89 Tyron Reimer Street	Longjing	3298068219
Miquel	Kingsbury	11/9/1999	134 Eula Demps Crescent	Nadym	3573817377
Lashunda	Brinton	17/2/1953	78 Julietta Hiller Place	Karachi	3639962794
Alisa	Dahl	20/5/1989	25 Rosendo Vasques Crescent	Jaleswar	3577239196
Karri	Flinn	26/5/2005	163 Jesenia Kirchner Course	Kalamb	3300801319
Celestina	Huntington	22/9/1989	83 Bulah Baillargeon Place	Vāda	3860495525
Farah	Stevens	16/9/1955	1 Lean Stroup Place	Dingolfing	3219119269
Miquel	Welton	17/6/1987	198 Bibi Vasques Course	Bangolo	3742102807
Cherish	Attaway	22/1/2002	66 Hilaria Bollinger Crescent	Manga	3968647616
Kiley	Lupo	17/4/1953	72 Rosendo Fraley Course	Failsworth	3366131601
Alison	Halter	26/1/1989	48 Alisa Hargrave Boulevard	Leganés	3219976885
Kassandra	Creekmore	21/6/1961	108 Steve Wooldridge Course	Mediaş	3802026759
Kacie	Benda	17/1/1969	167 Ressie Surles Place	Vallauris	3010021408
Eden	Krause	8/6/1990	145 Magdalen Brinton Crescent	Dieburg	3892768913
Greta	Cornwell	20/2/1973	62 Deirdre Buckles Road	Jaleswar	3853583296
Alisa	Demoss	26/9/1950	160 Lavera Kratzer Boulevard	Slavgorod	3233237695
Christiane	Fasano	20/6/1950	116 Denae Langford Course	Binhe	3729073751
Jeana	Kirchner	21/5/2004	118 Katharine Barba Course	Gitarama	3523656965
Shalon	Mabrey	21/4/1987	87 Ressie Metoyer Crescent	Vwawa	3456661878
Tamesha	Sheffield	13/6/1950	6 Marlyn Brinton Avenue	Jaleswar	3141969987
Jeniffer	Huizar	16/6/1955	184 Dorine Nicks Crescent	Willenhall	3411069277
Hyon	Poteet	21/9/1961	182 Linn Demoss Street	Esenyurt	3325355818
Iluminada	Dahl	8/6/1973	44 Robbyn Bucci Crescent	Buseresere	3493192018
Fredericka	Livingston	27/1/2002	74 Kerry Dahl Road	Renukūt	3702585051
Kassandra	Vinson	8/4/1962	78 Barabara Lupo Road	Lianshan	3808729478
Fredericka	Welton	22/2/1990	92 Fredericka Surles Crescent	Ngaoundéré	3615389935
Myron	Vasques	22/4/1955	133 Bulah Nicks Place	Dingolfing	3766367825
Sherlene	Livingston	17/6/1953	68 Alisa Welter Boulevard	Vāda	3100849231
Lonnie	Laclair	26/2/1962	121 Libby Langford Road	Dolyna	3159318042
Fredericka	Welter	22/9/2005	57 Katharine Nussbaum Street	Slavgorod	3233237695
Enoch	Baillargeon	27/6/2004	115 Gus Mabrey Crescent	Palau	3436887234
Quentin	Drucker	8/6/1950	183 Kassandra Cornwell Course	Mantampay	3619780060
Sherrie	Poteet	26/5/1950	180 Nicolas Demoss Avenue	Pīshvā	3635399250
Holley	Lechner	16/4/1950	41 Sherlene Halter Street	Caloundra	3856260880
Georgetta	Wooldridge	17/9/2004	149 Robbyn Lyles Road	Rockville	3856260880
Kassandra	Mota	20/5/1961	172 Tiny Creekmore Course	Malbork	3734973210
Lelia	Lechner	26/4/1989	184 Holley Huizar Crescent	Chinautla	3238879648
Lelia	Pruett	11/2/1986	81 Dorine Lemmons Place	Kitahama	3241532351
Lonnie	Tipton	20/1/1994	168 Kacie Baillargeon Course	Dampit	3147697455
Jeniffer	Nicks	21/5/1986	64 Krystle Townley Street	Dampit	3766032084
Myron	Schreck	27/2/1973	133 Tamesha Vasques Crescent	Capannori	3060880352
Chanda	Riker	17/9/1996	75 Desmond Vallee Crescent	Vāda	3993049684
Pasty	Langford	17/6/1999	43 Quentin Sundberg Avenue	Ngaoundéré	3725129318
Farah	Surles	21/1/1995	53 Chanda Albanese Avenue	Dolyna	3548163989
Rueben	Poteet	26/6/2004	21 Lelia Baillargeon Street	Caloundra	3615389935
Georgetta	Delatorre	11/9/1969	5 Kim Mota Place	Chinautla	3439264301
Linn	Mabrey	21/9/2005	9 Kiana Simons Place	Leganés	3448068216
Charissa	Fraley	8/1/1955	134 Cory Halter Place	Atakpamé	3831432955
Jeana	Schreck	13/2/2002	115 Julietta Nickels Street	Shiraguppi	3509868038
Krystle	Livingston	8/6/2002	35 Eula Kratzer Place	Springboro	3930573005
Suzie	Myers	13/9/1996	181 Hilaria Langford Course	Shiraguppi	3411069277
Aurora	Nussbaum	11/5/1989	75 Iluminada Villagomez Street	Baildon	3856260880
Lucia	Surles	17/2/1987	2 Deirdre Heil Street	Jaleswar	3247775080
Julietta	Attaway	17/6/1953	5 Iluminada Riker Boulevard	Slavgorod	3559000140
Lelia	Vallee	8/2/1986	112 Karri Attaway Avenue	Springboro	3936392580
Antonina	Hargrave	20/5/1953	14 Tamera Mabrey Avenue	Harihar	3371330007
Marlyn	Eley	13/9/1989	110 Fredericka Lyles Crescent	Weingarten	3791181953
Sherlene	Sheffield	17/4/1969	166 Quentin Hiller Place	Rockville	3393429482
Shalon	Huizar	8/9/1996	5 Lelia Reimer Crescent	Benicia	3635399250
Eula	Baillargeon	26/6/1996	24 Libby Flinn Avenue	Leganés	3680865262
Kirstie	Stevens	11/2/1962	150 Kim Reimer Street	Vallauris	3766367825
Jaime	Attaway	26/1/1955	89 Libby Jaquez Street	Beloozërskiy	3619780060
Holley	Dillard	8/4/1973	198 Hilaria Welter Course	Barstow	3224164767
Nicolas	Hoelscher	27/4/1973	174 Cory Shumate Course	Chinautla	3420689116
Kim	Rager	16/6/1977	69 Bulah Vasques Street	Chinautla	3312357541
Lelia	Lupo	13/1/1989	172 Chanda Schreck Boulevard	Capannori	3241532351
Jerold	Welton	13/2/1999	99 Lonnie Surles Crescent	Manga	3619780060
Kim	Attaway	13/2/1961	99 Greta Lechner Street	Merefa	3420689116
Julietta	Blakely	8/9/1950	158 Cherish Martindale Boulevard	Kulunda	3592208911
Antonina	Albanese	26/5/1961	197 Chanda Surles Course	Esenyurt	3298068219
Libby	Drucker	20/4/1962	31 Cassidy Satterlee Avenue	Visoko	3903007471
Lelia	Simons	26/2/1999	168 Gus Mercurio Crescent	Heishan	3791181953
Marna	Lupo	26/1/1961	187 Antonina Townley Place	Milak	3314058223
Cleora	Satterlee	17/1/2002	27 Erich Eley Road	Benicia	3520266082
Buena	Benda	22/5/1994	96 Dorine Josey Crescent	Shiraguppi	3013854019
Jeana	Halter	16/5/1961	89 Sherlene Mota Road	Longjing	3993049684
Lavera	Cowley	13/9/1969	164 Celestina Bollinger Place	Kalamb	3802026759
Steve	Roper	22/4/1973	21 Oralee Langford Avenue	Biryulëvo	3503296337
Mathew	Huizar	26/2/1994	89 Masako Barba Crescent	Vwawa	3427737095
Candis	Mabrey	13/6/2004	13 Gus Holter Road	Ikongo	3982903056
Tamesha	Huizar	27/6/1990	81 Zana Mercurio Place	Torbali	3032572802
Katharine	Fasano	20/1/1990	97 Aurora Hoelscher Course	Cormano	3982903056
Mathew	Poteet	11/1/1973	103 Cassidy Martindale Crescent	Panórama	3725129318
Rodrigo	Welter	16/9/1986	181 Buena Woodrum Place	Chinautla	3592208911
Rodrigo	Creekmore	11/2/2004	62 Annamaria Ledoux Road	Milak	3573817377
Natividad	Vinson	22/6/1995	14 Celestina Sisneros Boulevard	Springboro	3654635104
Karri	Villagomez	21/4/1995	64 Teddy Parra Road	Ibeto	3726621228
Lavera	Boykins	27/6/1996	160 Marna Nussbaum Place	Esenyurt	3786662280
Cleora	Lemmons	20/4/1973	148 Lonnie Mabrey Place	Konin	3296593109
Sherlene	Lyles	26/5/1999	10 Christiane Metoyer Boulevard	Shiraguppi	3236007664
Ellan	Toledo	22/6/2004	166 Kerry Schreck Street	Failsworth	3247775080
Shoshana	Surles	13/2/1953	116 Masako Cowley Avenue	Kitaibaraki	3854787566
Kiley	Schreck	11/4/2005	99 Bibi Vasques Road	Chemini	3864348790
Aurora	Dillard	21/6/1969	184 Marlyn Benda Boulevard	Bocaiúva	3010021408
Gus	Demps	8/5/1999	120 Lloyd Woodrum Road	Saransk	3999716352
Charissa	Surles	16/6/1990	140 Enoch Demoss Place	Bozova	3437659640
Hilaria	Gayden	11/6/1987	47 Lucia Delatorre Course	Phulera	3225386174
Lelia	Stroup	27/2/1955	65 Aurora Schreck Road	Valdivia	3496435179
Lelia	Halter	13/1/1950	68 Steve Townley Course	Springboro	3238879648
Rodrigo	Roper	21/4/1950	99 Mittie Laclair Avenue	Manga	3939560914
Eula	Simons	17/5/1950	192 Georgetta Attaway Road	Catamayo	3209648687
Denae	Rager	8/9/2002	179 Miquel Blakely Avenue	Arkalgūd	3253432280
Kim	Satterlee	21/9/1961	93 Cassidy Jaquez Place	Koidu	3742102807
Kiley	Lomax	16/4/1994	98 Steve Kirchner Boulevard	Kalamb	3393429482
Lucia	Mota	17/1/1987	106 Rosendo Benda Boulevard	Vāda	3573817377
Quentin	Kirchner	17/1/2005	139 Aurora Boykins Place	Muscat	3892768913
Lean	Kingsbury	21/6/1990	77 Denae Heil Crescent	Gressier	3903007471
Masako	Townley	26/6/1953	33 Elana Vinson Course	Merefa	3225386174
Krystle	Boykins	17/1/1999	121 Elana Eames Street	Barstow	3725129318
Katharine	Lomax	17/1/1999	65 Desmond Lechner Avenue	Krasnogvargeisky	3456661878
Coreen	Mabrey	11/5/2002	38 Eula Sheffield Boulevard	Panórama	3042287376
Libby	Kirchner	22/9/1978	129 Jeri Halter Crescent	Rockville	3219119269
Jeniffer	Sheffield	26/4/1962	182 Linn Demoss Road	Biryulëvo	3537921632
Iluminada	Sturtevant	27/2/1950	187 Coreen Ledoux Street	Abaza	3854787566
Linn	Huizar	11/6/2004	41 Celestina Demps Road	Harihar	3702585051
Tyron	Villagomez	26/1/1977	59 Jesenia Lupo Avenue	Kitahama	3439264301
Eula	Myers	11/9/2002	32 Mittie Vinson Crescent	Vāda	3233237695
Kiley	Blakely	27/1/1995	21 Libby Simons Avenue	Kristiansand	3615389935
Cassidy	Surles	8/6/1990	144 Greta Dahl Road	Schwerte	3831432955
Georgetta	Vinson	22/5/1990	85 Tamera Holter Crescent	Mostar	3864934255
Tambra	Hershberger	16/5/1987	85 Aurora Martindale Street	Failsworth	3729073751
Hilaria	Florio	21/9/1996	46 Teddy Jaquez Road	Zelenchukskaya	3010021408
Enoch	Pruett	22/1/2005	194 Rodrigo Riker Avenue	Binhe	3056373997
Masako	Townley	13/1/1978	29 Katharine Mabrey Road	Mediaş	3619780060
Hilaria	Hargrave	17/5/1996	39 Patrice Boykins Street	Nadym	3437659640
Robbyn	Helfrich	21/2/1978	57 Melodi Cowley Avenue	Spokane	3456661878
Ressie	Parra	8/9/1961	77 Coreen Dumont Boulevard	Dolyna	3513181743
Shoshana	Sturtevant	16/1/1978	143 Kacie Florio Course	Harihar	3860495525
Julietta	Benda	16/9/1990	103 Jeri Mercurio Place	Gressier	3108380758
Bulah	Flinn	17/5/1990	193 Iluminada Eley Avenue	Coihaique	3659610740
Rueben	Laclair	22/1/1994	47 Hyon Fellers Place	Benicia	3233237695
Denae	Toledo	11/1/1955	158 Grace Sundberg Crescent	Karachi	3265734140
Quentin	Stevens	13/4/2002	29 Kirstie Boykins Road	Fălticeni	3060880352
Libby	Villagomez	17/1/1955	27 Candis Kingsbury Boulevard	Jaleswar	3576558657
Antonina	Woodrum	21/2/1996	81 Cleora Kratzer Crescent	Mostar	3010021408
Linn	Tipton	8/4/1955	79 Julietta Lyles Place	Weert	3300801319
Marlyn	Nickels	8/6/1955	153 Steve Satterlee Road	Chemini	3296593109
Kala	Schreck	26/4/1999	145 Jesenia Bolinger Place	Woodbridge	3897567471
Nicolas	Toledo	27/2/1977	75 Fredericka Riker Avenue	Atakpamé	3729073751
Grace	Ledoux	17/2/1995	24 Miquel Eley Place	Mediaş	3635399250
Eden	Mercurio	11/6/1962	47 Zana Buckles Course	Delta	3612036477
Elana	Benda	16/5/1978	157 Alisa Lemmons Road	Mostar	3864348790
Lucia	Hargrave	20/1/2005	146 Shoshana Tipton Course	Ngaoundéré	3509868038
Ellan	Michalak	17/2/1999	46 Shalon Heil Crescent	Caloundra	3659610740
Oralee	Lupo	20/2/1989	55 Jeri Gayden Road	Weert	3619780060
Enoch	Stroup	26/2/1989	144 Libby Drucker Boulevard	Renukūt	3482458165
Nicolas	Vasques	22/6/1990	178 Lashunda Lemmons Road	Schwerte	3694910612
Cherish	Bucci	20/2/2002	191 Jaime Huntington Avenue	Kitaibaraki	3939560914
Holley	Cornwell	11/1/1961	21 Cherish Surles Place	Delta	3042287376
Libby	Scarborough	21/4/1962	86 Miquel Martindale Avenue	Heishan	3147697455
Sherrie	Halter	21/4/1977	59 Tiny Welter Boulevard	Binhe	3436887234
Marlyn	Dillard	11/2/1987	73 Cory Sturtevant Road	Rockville	3235817299
Jeri	Sturtevant	21/1/1987	161 Karri Haun Place	Manga	3975477343
Kiley	Sheffield	21/5/2002	70 Tyron Cowley Avenue	Failsworth	3232218834
Celestina	Ledoux	17/6/1990	137 Quentin Roper Street	Catamayo	3856441810
Antonina	Mota	20/2/1994	105 Fredericka Michalak Place	Kristiansand	3056373997
Coreen	Florio	22/1/1986	93 Farah Michalak Road	Cormano	3091805694
Cleora	Riker	20/9/1996	130 Holley Simons Crescent	Covington	3189937287
Eula	Cornwell	26/5/1953	15 Jeana Hershberger Place	Manga	3701490979
Linn	Florio	11/1/1969	144 Cleora Cornwell Place	Bocaiúva	3635399250
Nicolas	Cowley	17/4/1953	35 Marlyn Dillard Crescent	Bindura	3635399250
Libby	Boykins	27/5/1999	46 Kacie Barba Place	Mantampay	3548163989
Eden	Dillard	20/6/2002	76 Dorine Cowley Boulevard	Benicia	3509868038
Rodrigo	Benda	21/2/1989	176 Linn Buckles Avenue	Shiraguppi	3759826189
Deirdre	Laclair	22/2/1973	190 Candis Townley Place	Vallauris	3244022427
Teddy	Dillard	13/4/1969	109 Robbyn Helfrich Street	Gitarama	3635399250
Fredericka	Kingsbury	21/4/1989	56 Chanda Surles Avenue	Willenhall	3482458165
Teddy	Wooldridge	11/1/1994	112 Christiane Nickels Crescent	Bangolo	3478165937
Fredericka	Stroup	8/4/1978	39 Marlyn Vinson Course	Willenhall	3184493543
Lashunda	Blakely	13/9/1961	143 Lucia Kirchner Place	Chemini	3778946718
Tamera	Stevens	16/6/1955	191 Eula Shumate Boulevard	Benicia	3635399250
Lavera	Surles	20/5/1961	133 Julietta Martindale Course	Karachi	3676139401
Bibi	Bollinger	17/5/1977	47 Katharine Dumont Crescent	Pátzcuaro	3456661878
Patrice	Laclair	20/6/1986	182 Christiane Huizar Street	Tampere	3224164767
Eden	Simons	21/6/1955	92 Cleora Metoyer Street	Weert	3615389935
Antonina	Nettles	13/6/1977	179 Rosendo Holter Road	Ubá	3763589367
Elana	Sundberg	26/6/1989	186 Tyron Welter Place	Esenyurt	3159318042
Aurora	Satterlee	16/5/2005	166 Georgetta Nicks Street	Dingolfing	3573817377
Kassandra	Helfrich	8/6/1962	33 Kirstie Bucci Crescent	Enger	3371330007
Hyon	Satterlee	20/9/1989	82 Farah Surles Crescent	Chinautla	3734973210
Kirstie	Drucker	16/1/1989	22 Jeri Fraley Street	Karukh	3256340101
Fredericka	Scarborough	16/9/1996	65 Dorine Mabrey Place	Kalamb	3892768913
Hyon	Creekmore	13/1/1955	189 Ressie Buckles Crescent	Bozova	3244022427
Marlyn	Eley	22/5/1995	192 Enoch Kingsbury Course	Bocaiúva	3307635013
Lavera	Nettles	13/9/1977	181 Rueben Nussbaum Avenue	Torbali	3513181743
Linn	Martindale	27/6/1987	62 Jaime Bucci Avenue	Dampit	3936392580
Krystle	Townley	21/1/1950	118 Jerold Bollinger Course	Binhe	3892768913
Tyron	Fasano	17/4/1953	156 Eula Gayden Boulevard	Saransk	3042287376
Steve	Huntington	8/6/1977	108 Lelia Cowley Avenue	Palau	3988757183
Christiane	Welton	26/6/1973	179 Pasty Eames Course	Konin	3615389935
Celestina	Creekmore	20/5/2005	197 Farah Woodrum Street	Gressier	3747491589
Kiley	Boykins	13/6/1961	148 Muoi Haun Place	Leganés	3463384935
Rosendo	Albanese	11/4/2005	96 Annamaria Hoelscher Course	Ibeto	3192690635
Hilaria	Gayden	8/9/1990	61 Bulah Pruett Road	Esenyurt	3592208911
Christiane	Schreck	27/1/1955	90 Alison Albanese Place	Pīshvā	3531667147
Oralee	Cowley	17/6/1953	119 Coreen Dumont Street	Failsworth	3060880352
Erich	Hoelscher	20/5/1969	162 Erich Simons Avenue	Bangolo	3393429482
Shalon	Dumont	11/5/2004	147 Celestina Metoyer Course	Mediaş	3304056681
Shalon	Poteet	22/4/1999	46 Natividad Martindale Avenue	Palau	3010021408
